{
  "version": 1,
  "author": "Sufhan Siddique",
  "editor": "wokwi",
  "parts": [
    {
      "type": "board-esp32-s3-devkitc-1",
      "id": "esp",
      "top": 0,
      "left": 0,
      "attrs": { "env": "micropython-20231227-v1.22.0", "flashSize": "8" }
    },
    {
      "type": "wokwi-pushbutton",
      "id": "btn1",
      "top": 159.8,
      "left": 172.8,
      "attrs": { "color": "green", "xray": "1" }
    },
    { "type": "wokwi-dht22", "id": "dht1", "top": 0.3, "left": -159, "attrs": {} },
    {
      "type": "board-ssd1306",
      "id": "oled1",
      "top": 233.54,
      "left": -268.57,
      "attrs": { "i2cAddress": "0x3c" }
    }
  ],
  "connections": [
    [ "esp:TX", "$serialMonitor:RX", "", [] ],
    [ "esp:RX", "$serialMonitor:TX", "", [] ],
    [ "btn1:1.l", "esp:0", "green", [ "h-86.4", "v-19.2" ] ],
    [ "btn1:2.l", "esp:GND.4", "green", [ "h-86.4", "v38.6" ] ],
    [ "dht1:GND", "esp:GND.1", "black", [ "v115.2", "h115.2" ] ],
    [ "dht1:SDA", "esp:4", "green", [ "v-57.6", "h134.5" ] ],
    [ "dht1:VCC", "esp:5V", "red", [ "v105.6", "h153.6" ] ],
    [ "oled1:SDA", "esp:8", "green", [ "v0" ] ],
    [ "oled1:SCL", "esp:9", "green", [ "v0" ] ],
    [ "oled1:VCC", "esp:5V", "red", [ "v0" ] ],
    [ "oled1:GND", "esp:GND.1", "black", [ "v0" ] ]
  ],
  "dependencies": {}
}